총인구수,세대수,세대당인구,남자인구수,여자인구수,남여비율,행정코드,구분,구,동,성비,여성비율,시_인구비중,유형,세대당인구_편차,면적,위도,경도,인구밀도,지역유형,세대구조,성비구분
30848,14128,2.18,15939,14909,1.07,4146125000,읍면동,처인구,포곡읍,106.9085787108458,48.33052385892116,2.827015742504028,읍,-0.25,41.75262003391981,37.29061091411134,127.21782465780748,738.827886128801,소규모세대·남성우위,소규모세대,남성우위
34384,15822,2.17,17726,16658,1.06,4146125300,읍면동,처인구,모현읍,106.41133389362469,48.44695207073057,3.1510668208719688,읍,-0.26000000000000023,50.391073156148195,37.32645657491256,127.2183029364442,682.3430787721738,소규모세대·남성우위,소규모세대,남성우위
19018,8921,2.13,9773,9245,1.06,4146125600,읍면동,처인구,이동읍,105.71119524067063,48.61184141339783,1.7428742670818724,읍,-0.30000000000000027,76.04308228567243,37.164504388379655,127.21122589852851,250.09507016765488,소규모세대·남성우위,소규모세대,남성우위
23561,9999,2.36,11925,11636,1.02,4146125900,읍면동,처인구,남사읍,102.48367136473016,49.38669835745512,2.1592102537972444,읍,-0.07000000000000028,58.4170141145587,37.13280580225921,127.15664863046831,403.3242773037954,소규모세대·남성우위,소규모세대,남성우위
7477,3880,1.93,3930,3547,1.11,4146134000,읍면동,처인구,원삼면,110.79785734423457,47.438812357897554,0.6852177355647892,면,-0.5000000000000002,60.10464370250702,37.16342399506289,127.31350112172304,124.39970590305866,소규모세대·남성우위,소규모세대,남성우위
7584,4226,1.79,4143,3441,1.2,4146135000,읍면동,처인구,백암면,120.40104620749783,45.37183544303797,0.6950235798479819,면,-0.6400000000000001,65.71349487453699,37.14396447062961,127.37979566110032,115.41008455690412,소규모세대·남성우위,소규모세대,남성우위
21455,10517,2.04,11255,10200,1.1,4146136000,읍면동,처인구,양지면,110.34313725490196,47.541365649032855,1.9662092438869267,면,-0.3900000000000001,57.75163259357214,37.242062308934045,127.28870899568534,371.5046490718252,소규모세대·남성우위,소규모세대,남성우위
26885,13588,1.98,13617,13268,1.03,4146151000,읍면동,처인구,중앙동,102.63038890563763,49.35093918541938,2.4638329304078317,동,-0.4500000000000002,7.962684582918882,37.22531951353867,127.19985293717362,3376.373849803399,소규모세대·남성우위,소규모세대,남성우위
34727,15696,2.21,17526,17201,1.02,4146152500,읍면동,처인구,역북동,101.88942503342828,49.53206438794022,3.1825005086208953,동,-0.2200000000000002,5.874179631471634,37.24149623326885,127.18646410165434,5911.804231172275,소규모세대·남성우위,소규모세대,남성우위
11941,4767,2.5,5924,6017,0.98,4146152600,읍면동,처인구,삼가동,98.45437925876682,50.38941462189096,1.0943138933234116,동,0.06999999999999984,6.397708531469107,37.240127666541895,127.16555466918334,1866.4495172395712,가족중심·여성우위,가족중심,여성우위
13538,6650,2.04,6902,6636,1.04,4146153500,읍면동,처인구,유림1동,104.00843881856541,49.01758014477766,1.2406684103351766,동,-0.3900000000000001,7.084675472229719,37.258795902611546,127.19847689064557,1910.884987331574,소규모세대·남성우위,소규모세대,남성우위
38396,14906,2.58,19311,19085,1.01,4146153600,읍면동,처인구,유림2동,101.18417605449307,49.705698510261485,3.51874015978944,동,0.1499999999999999,6.289867743849754,37.248874609807515,127.22662128796462,6104.420881908636,가족중심·남성우위,가족중심,남성우위
12230,6038,2.03,6309,5921,1.07,4146154000,읍면동,처인구,동부동,106.5529471373079,48.413736713000816,1.1207988372284836,동,-0.40000000000000036,24.111967835575342,37.204531104974514,127.25093554480091,507.21700042895634,소규모세대·남성우위,소규모세대,남성우위
36201,16005,2.26,18043,18158,0.99,4146351000,읍면동,기흥구,신갈동,99.36667033814297,50.15883539128754,3.317582886877214,동,-0.17000000000000037,4.630390666425228,37.28313092662099,127.10263007020455,7818.130824790219,소규모세대·여성우위,소규모세대,여성우위
34208,13832,2.47,16968,17240,0.98,4146351600,읍면동,기흥구,영덕1동,98.42227378190255,50.39756782039289,3.1349375816771845,동,0.040000000000000036,4.001989666372538,37.275369674368235,127.08104362134452,8547.748208207302,가족중심·여성우위,가족중심,여성우위
19137,7954,2.41,9419,9718,0.97,4146351700,읍면동,기흥구,영덕2동,96.92323523358716,50.78120917594189,1.753779832219255,동,-0.020000000000000018,4.678351394832134,37.25668077274029,127.09246777638033,4090.543523759113,가족중심·여성우위,가족중심,여성우위
39961,18017,2.22,20203,19758,1.02,4146352000,읍면동,기흥구,구갈동,102.25225225225225,49.44320712694877,3.662162087856699,동,-0.20999999999999996,4.161412104964256,37.27705968036849,127.12311102299535,9602.749978145517,소규모세대·남성우위,소규모세대,남성우위
12481,6120,2.04,6424,6057,1.06,4146353000,읍면동,기흥구,상갈동,106.05910516757471,48.52976524316962,1.1438013317619544,동,-0.3900000000000001,1.961820024996996,37.26564021337195,127.1109568696527,6361.949537149369,소규모세대·남성우위,소규모세대,남성우위
32427,12532,2.59,16009,16418,0.98,4146353500,읍면동,기흥구,보라동,97.50883177000853,50.63064730008943,2.971720678234508,동,0.1599999999999997,10.212387178093195,37.245124033541344,127.13093392604738,3175.261516676516,가족중심·여성우위,가족중심,여성우위
20737,9125,2.27,10275,10462,0.98,4146354000,읍면동,기흥구,기흥동,98.21257885681514,50.4508848917394,1.9004092794445677,동,-0.16000000000000014,11.660744573920965,37.23094605121662,127.11450388321678,1778.3598524555548,소규모세대·여성우위,소규모세대,여성우위
24552,10993,2.23,12420,12132,1.02,4146355000,읍면동,기흥구,서농동,102.37388724035608,49.41348973607038,2.2500288676724227,동,-0.20000000000000018,5.593418255448341,37.23425135947201,127.08109335247691,4389.444679214684,소규모세대·남성우위,소규모세대,남성우위
38395,15336,2.5,18408,19987,0.92,4146356000,읍면동,기흥구,구성동,92.09986491219293,52.05625732517255,3.5186485163849244,동,0.06999999999999984,6.700694728642702,37.29544599079272,127.14104528446478,5730.002866102411,가족중심·여성우위,가족중심,여성우위
33584,13157,2.55,16392,17192,0.95,4146357000,읍면동,기흥구,마북동,95.34667287110284,51.19104335397808,3.0777520972593124,동,0.11999999999999966,5.257959835231304,37.30624301584603,127.12756771407264,6387.268266099754,가족중심·여성우위,가족중심,여성우위
30995,11598,2.67,14852,16143,0.92,4146357200,읍면동,기흥구,동백1동,92.00272563959611,52.08259396676883,2.8404873229678533,동,0.23999999999999977,4.142178721725941,37.285936853747046,127.16458021279117,7482.777079953028,가족중심·여성우위,가족중심,여성우위
26164,9412,2.78,12806,13358,0.96,4146357500,읍면동,기흥구,동백2동,95.86764485701453,51.054884574224126,2.397758035751925,동,0.34999999999999964,4.855467200279236,37.26662634319453,127.16161626080358,5388.564873529641,가족중심·여성우위,가족중심,여성우위
27271,10381,2.63,13267,14004,0.95,4146357700,읍면동,기흥구,동백3동,94.73721793773208,51.35125224597557,2.499207284550938,동,0.19999999999999973,1.4606429189443588,37.279557637838174,127.14707212868964,18670.545447007265,가족중심·여성우위,가족중심,여성우위
22988,9155,2.51,11079,11909,0.93,4146358600,읍면동,기흥구,상하동,93.03048114871106,51.80528971637376,2.1066985830096794,동,0.07999999999999963,5.704470984637737,37.26209940550638,127.14360413703568,4029.8215315508096,가족중심·여성우위,가족중심,여성우위
35947,13552,2.65,17577,18370,0.96,4146359000,읍면동,기흥구,보정동,95.68317909635275,51.10301276879851,3.294305462130196,동,0.21999999999999975,6.786376174539328,37.30943062959351,127.10743744139621,5296.935960441384,가족중심·여성우위,가족중심,여성우위
34599,15662,2.21,17284,17315,1.0,4146551000,읍면동,수지구,풍덕천1동,99.8209644816633,50.04479898262956,3.17077015284287,동,-0.2200000000000002,1.6345320902764797,37.328024717406855,127.0945071059462,21167.52568262371,소규모세대·남성우위,소규모세대,남성우위
41219,15395,2.68,20287,20932,0.97,4146552000,읍면동,수지구,풍덕천2동,96.91859354098987,50.782406171911006,3.7774494907376015,동,0.25,1.8284977562725544,37.31996911278317,127.08994825565372,22542.548853888737,가족중심·여성우위,가족중심,여성우위
41065,14748,2.78,19846,21219,0.94,4146553000,읍면동,수지구,신봉동,93.52938404260333,51.67173992450992,3.763336406442165,동,0.34999999999999964,6.539766810834408,37.33244867539712,127.05758773610029,6279.275880596807,가족중심·여성우위,가족중심,여성우위
28969,11066,2.62,13999,14970,0.94,4146554000,읍면동,수지구,죽전1동,93.51369405477622,51.67592944181712,2.654817785418801,동,0.18999999999999995,2.3088508062064648,37.33293277509721,127.12913749001129,12546.934571141579,가족중심·여성우위,가족중심,여성우위
17110,7155,2.39,8320,8790,0.95,4146555000,읍면동,수지구,죽전2동,94.65301478953356,51.373465809468144,1.568018651265687,동,-0.040000000000000036,1.1937035396695137,37.330746344213466,127.10722615290629,14333.542149617015,소규모세대·여성우위,소규모세대,여성우위
26294,10920,2.41,12765,13529,0.94,4146555500,읍면동,수지구,죽전3동,94.35287160913593,51.45280292081844,2.4096716783389818,동,-0.020000000000000018,2.2542517371475697,37.32454840378294,127.12546532179385,11664.180875056689,가족중심·여성우위,가족중심,여성우위
50787,19711,2.58,24887,25900,0.96,4146556000,읍면동,수지구,동천동,96.08880308880309,50.99730245929076,4.654293585144971,동,0.1499999999999999,16.528168581426144,37.35025193442229,127.0571439105827,3072.754234675032,가족중심·여성우위,가족중심,여성우위
19740,6534,3.02,9413,10327,0.91,4146557000,읍면동,수지구,상현1동,91.149414157064,52.31509625126647,1.8090408051422948,동,0.5899999999999999,0.8695231527090073,37.30687689055172,127.07839158681591,22702.0982000305,가족중심·여성우위,가족중심,여성우위
32659,11413,2.86,15811,16848,0.94,4146558000,읍면동,수지구,상현2동,93.84496676163343,51.587617502066806,2.9929819480821784,동,0.4299999999999997,1.5740865506231785,37.30533649298554,127.08766700618047,20747.90613455807,가족중심·여성우위,가족중심,여성우위
27231,11096,2.45,13133,14098,0.93,4146558500,읍면동,수지구,상현3동,93.15505745495814,51.771877639455035,2.4955415483703054,동,0.020000000000000018,2.5784488432109356,37.302010013384425,127.06911451832464,10561.000685237295,가족중심·여성우위,가족중심,여성우위
54421,18723,2.91,26175,28246,0.93,4146559000,읍면동,수지구,성복동,92.66798838773632,51.90275812645854,4.987325717155462,동,0.48,5.035774778574705,37.31940632714563,127.06048539721142,10806.877271704154,가족중심·여성우위,가족중심,여성우위
